test_name,tail,dependent_variable,independent_variable,independent_variable_levels,subset_factors,subset_levels,sample_size_1,sample_size_2,degrees_freedom,mean_1,mean_2,standard_error_1,standard_error_2,t_stats,r,beta,p_value,p_value_threshold,conf_interval_95_1,conf_interval_95_2
paired_ttest,two_sided,std_order_step_2,fit_phase,"rational,irrational","model_config","1",2000,2000,1999,0.00106293627764883,0.627901324925452,1.89671033103196e-05,0.00437975343679042,-143.097437474125,NaN,NaN,0,0.005,-0.635429213318135,-0.61824756397747
paired_ttest,two_sided,std_order_step_3,fit_phase,"rational,irrational","model_config","1",2000,2000,1999,0.00100245780083664,0.341845278250027,1.19951262271219e-05,0.00163239408789571,-208.774608716065,NaN,NaN,0,0.005,-0.344044571780397,-0.337641069117983
paired_ttest,two_sided,std_order_step_4,fit_phase,"rational,irrational","model_config","1",2000,2000,1999,0.00328349457408519,1.57200131805929,4.39641513124511e-05,0.00369553358988352,-424.392897180789,NaN,NaN,0,0.005,-1.57596698624879,-1.56146866072161
paired_ttest,two_sided,std_order,decision_step,"2,3","model_config,fit_phase","1,irrational",2000,2000,1999,0.627901324925452,0.341845278250027,0.00437975343679042,0.00163239408789571,66.1369325840362,NaN,NaN,0,0.005,0.277573657180372,0.294538436170478
paired_ttest,two_sided,std_order,decision_step,"2,4","model_config,fit_phase","1,irrational",2000,2000,1999,0.627901324925452,1.57200131805929,0.00437975343679042,0.00369553358988352,-171.677472083845,NaN,NaN,0,0.005,-0.954884885407956,-0.933315100859717
paired_ttest,two_sided,std_order,decision_step,"3,4","model_config,fit_phase","1,irrational",2000,2000,1999,0.341845278250027,1.57200131805929,0.00163239408789571,0.00369553358988352,-353.780342621536,NaN,NaN,0,0.005,-1.2369753058166,-1.22333677380192
paired_ttest,two_sided,std_order_step_2,trial_type,"option,attribute","model_config,fit_phase","1,irrational",2000,2000,1999,0.471852210854383,0.78395043899652,0.00422878318100208,0.00575119610329221,-62.1853164788257,NaN,NaN,0,0.005,-0.321940935681659,-0.302255520602616
paired_ttest,two_sided,std_order_step_3,trial_type,"option,attribute","model_config,fit_phase","1,irrational",2000,2000,1999,0.256280778563145,0.427409777936908,0.00176952798299336,0.00235509571733782,-66.1298375897049,NaN,NaN,0,0.005,-0.176204013805773,-0.166053984941753
paired_ttest,two_sided,std_order_step_4,trial_type,"option,attribute","model_config,fit_phase","1,irrational",2000,2000,1999,1.57974987481561,1.56425276130296,0.00406110399247025,0.0051303664963701,2.78342759325896,NaN,NaN,0.00542938685059322,0.005,0.00457813496710293,0.0264160920581962
paired_ttest,two_sided,value_function_attended_gradient_diff,fit_phase,"rational,irrational","model_config","1",2000,2000,1999,-0.609044935539523,1.57200131805929,0.00275659767630583,0.00369553358988352,-477.050030396168,NaN,NaN,0,0.005,-2.19001252901054,-2.17207997818709
paired_ttest,two_sided,std_order_step_2,fit_phase,"rational,irrational","model_config","2",2000,2000,1999,0.000958838834200397,0.752281093414638,1.95380612498725e-05,0.00348117050415026,-215.872024708135,NaN,NaN,0,0.005,-0.758147857428089,-0.744496651732786
paired_ttest,two_sided,std_order_step_3,fit_phase,"rational,irrational","model_config","2",2000,2000,1999,0.00119187872393344,0.286461129239126,2.23405196969982e-05,0.00131922467257486,-216.204839838281,NaN,NaN,0,0.005,-0.287856871570287,-0.282681629460098
paired_ttest,two_sided,std_order_step_4,fit_phase,"rational,irrational","model_config","2",2000,2000,1999,0.00395523416417112,1.43044663169667,6.27160760928767e-05,0.00311041988523314,-458.893865800182,NaN,NaN,0,0.005,-1.43258772140742,-1.42039507365758
paired_ttest,two_sided,std_order,decision_step,"2,3","model_config,fit_phase","2,irrational",2000,2000,1999,0.752281093414638,0.286461129239126,0.00348117050415026,0.00131922467257486,144.171099958821,NaN,NaN,0,0.005,0.459483441220859,0.472156487130165
paired_ttest,two_sided,std_order,decision_step,"2,4","model_config,fit_phase","2,irrational",2000,2000,1999,0.752281093414638,1.43044663169667,0.00348117050415026,0.00311041988523314,-167.43184966232,NaN,NaN,0,0.005,-0.686108981009297,-0.670222095554769
paired_ttest,two_sided,std_order,decision_step,"3,4","model_config,fit_phase","2,irrational",2000,2000,1999,0.286461129239126,1.43044663169667,0.00131922467257486,0.00311041988523314,-386.073098299686,NaN,NaN,0,0.005,-1.14979665273629,-1.1381743521788
paired_ttest,two_sided,std_order_step_2,trial_type,"option,attribute","model_config,fit_phase","2,irrational",2000,2000,1999,0.614774593494663,0.889787593334613,0.00292335402240113,0.00497206678331069,-64.7121631948764,NaN,NaN,0,0.005,-0.283347478376501,-0.266678521303399
paired_ttest,two_sided,std_order_step_3,trial_type,"option,attribute","model_config,fit_phase","2,irrational",2000,2000,1999,0.217300304626085,0.355621953852167,0.00156948623002234,0.00195361704480691,-58.4599264836821,NaN,NaN,0,0.005,-0.142961916758675,-0.133681381693487
paired_ttest,two_sided,std_order_step_4,trial_type,"option,attribute","model_config,fit_phase","2,irrational",2000,2000,1999,1.43691334354104,1.4239799198523,0.00331009513416298,0.00454343593483256,2.61293378064876,NaN,NaN,0.00904415789177824,0.005,0.00322617338538716,0.0226406739920821
paired_ttest,two_sided,value_function_attended_gradient_diff,fit_phase,"rational,irrational","model_config","2",2000,2000,1999,-0.714207189844637,1.43044663169667,0.00195356389715802,0.00311041988523314,-570.742396161598,NaN,NaN,0,0.005,-2.15202315473992,-2.13728448834269
paired_ttest,two_sided,std_order_step_2,fit_phase,"rational,irrational","model_config","3",2000,2000,1999,0.00841705744356017,0.69385241473477,6.31982846446065e-05,0.00670609817750779,-102.224918130964,NaN,NaN,0,0.005,-0.698585209098033,-0.672285505484387
paired_ttest,two_sided,std_order_step_3,fit_phase,"rational,irrational","model_config","3",2000,2000,1999,0.0143582033596685,0.611444265900721,0.000104639056149365,0.00541014332017862,-110.38830206872,NaN,NaN,0,0.005,-0.607693854830379,-0.586478270251725
paired_ttest,two_sided,std_order_step_4,fit_phase,"rational,irrational","model_config","3",2000,2000,1999,0.0292294426746983,1.51562745714991,0.000205086626340689,0.00719272591893232,-206.528853433016,NaN,NaN,0,0.005,-1.50051251483955,-1.47228351411087
paired_ttest,two_sided,std_order,decision_step,"2,3","model_config,fit_phase","3,irrational",2000,2000,1999,0.69385241473477,0.611444265900721,0.00670609817750779,0.00541014332017862,12.5226389875081,NaN,NaN,1.08460105684259e-34,0.005,0.0695023341506796,0.0953139635174195
paired_ttest,two_sided,std_order,decision_step,"2,4","model_config,fit_phase","3,irrational",2000,2000,1999,0.69385241473477,1.51562745714991,0.00670609817750779,0.00719272591893232,-104.627536847389,NaN,NaN,0,0.005,-0.83717849489098,-0.806371589939296
paired_ttest,two_sided,std_order,decision_step,"3,4","model_config,fit_phase","3,irrational",2000,2000,1999,0.611444265900721,1.51562745714991,0.00541014332017862,0.00719272591893232,-160.528591948927,NaN,NaN,0,0.005,-0.915229448667161,-0.893136933831214
paired_ttest,two_sided,std_order_step_2,trial_type,"option,attribute","model_config,fit_phase","3,irrational",2000,2000,1999,0.811968477710036,0.634794383247137,0.00838459995126358,0.00760579210471736,20.2403922041847,NaN,NaN,5.13384839556634e-83,0.005,0.160007172820861,0.194341016104936
paired_ttest,two_sided,std_order_step_3,trial_type,"option,attribute","model_config,fit_phase","3,irrational",2000,2000,1999,0.660379987196474,0.586976405252844,0.00563509055282204,0.00588755559700455,16.4514743936983,NaN,NaN,3.91696130365381e-57,0.005,0.0646532696294046,0.0821538942578573
paired_ttest,two_sided,std_order_step_4,trial_type,"option,attribute","model_config,fit_phase","3,irrational",2000,2000,1999,1.23510872316903,1.79614619113078,0.00576764291683721,0.0107605788819771,-58.757752021628,NaN,NaN,0,0.005,-0.57976315758066,-0.542311778342834
paired_ttest,two_sided,value_function_attended_gradient_diff,fit_phase,"rational,irrational","model_config","3",2000,2000,1999,-0.612293005663845,1.51562745714991,0.00293799353592089,0.00719272591893232,-278.335645089516,NaN,NaN,0,0.005,-2.14291377865842,-2.11292714696908
paired_ttest,two_sided,std_order_step_2,fit_phase,"rational,irrational","model_config","4",2000,2000,1999,0.0063848181315611,0.658531067247518,9.73055609659306e-05,0.00620034715655951,-105.171863613155,NaN,NaN,0,0.005,-0.664306892644316,-0.639985605587599
paired_ttest,two_sided,std_order_step_3,fit_phase,"rational,irrational","model_config","4",2000,2000,1999,0.0115717073446311,0.609018563723322,0.000189458216382368,0.00498352672995634,-119.775632441702,NaN,NaN,0,0.005,-0.607229177932566,-0.587664534824815
paired_ttest,two_sided,std_order_step_4,fit_phase,"rational,irrational","model_config","4",2000,2000,1999,0.0255663083866305,1.58827582182609,0.000416304219196513,0.00681590747422232,-228.195438731403,NaN,NaN,0,0.005,-1.57613971168809,-1.54927931519083
paired_ttest,two_sided,std_order,decision_step,"2,3","model_config,fit_phase","4,irrational",2000,2000,1999,0.658531067247518,0.609018563723322,0.00620034715655951,0.00498352672995634,8.58479030693239,NaN,NaN,1.79810262925729e-17,0.005,0.038201625432711,0.0608233816156817
paired_ttest,two_sided,std_order,decision_step,"2,4","model_config,fit_phase","4,irrational",2000,2000,1999,0.658531067247518,1.58827582182609,0.00620034715655951,0.00681590747422232,-111.30599777024,NaN,NaN,0,0.005,-0.946126353794833,-0.913363155362315
paired_ttest,two_sided,std_order,decision_step,"3,4","model_config,fit_phase","4,irrational",2000,2000,1999,0.609018563723322,1.58827582182609,0.00498352672995634,0.00681590747422232,-164.410887704449,NaN,NaN,0,0.005,-0.990938186228972,-0.96757632997657
paired_ttest,two_sided,std_order_step_2,trial_type,"option,attribute","model_config,fit_phase","4,irrational",2000,2000,1999,0.825491982886784,0.575050609427885,0.00735478491535824,0.00744915248245447,28.9940512061219,NaN,NaN,1.37635073564694e-154,0.005,0.233501572541231,0.267381174376567
paired_ttest,two_sided,std_order_step_3,trial_type,"option,attribute","model_config,fit_phase","4,irrational",2000,2000,1999,0.722170856295917,0.552442417437024,0.00555298346974001,0.00538555245028281,36.5994361793818,NaN,NaN,6.60398823086113e-225,0.005,0.160633676653267,0.178823201064518
paired_ttest,two_sided,std_order_step_4,trial_type,"option,attribute","model_config,fit_phase","4,irrational",2000,2000,1999,1.38506919471555,1.79148244893663,0.00746947837574855,0.00899685914301649,-43.411007889419,NaN,NaN,1.38104434283006e-290,0.005,-0.424773526636823,-0.388052981805333
paired_ttest,two_sided,value_function_attended_gradient_diff,fit_phase,"rational,irrational","model_config","4",2000,2000,1999,-0.617558869785667,1.58827582182609,0.00265698261161473,0.00681590747422232,-327.665599188985,NaN,NaN,0,0.005,-2.21903710238916,-2.19263228083436
paired_ttest,two_sided,std_order_step_2,fit_phase,"rational,irrational","model_config","5",2000,2000,1999,0.00718594296768356,0.698927385605079,0.000112218419003162,0.00672056321971216,-102.972670430757,NaN,NaN,0,0.005,-0.70491590637563,-0.678566978899161
paired_ttest,two_sided,std_order_step_3,fit_phase,"rational,irrational","model_config","5",2000,2000,1999,0.012007794708105,0.775929790404473,0.000178209471561026,0.0053241639407076,-143.911067646391,NaN,NaN,0,0.005,-0.774332360453307,-0.753511630939429
paired_ttest,two_sided,std_order_step_4,fit_phase,"rational,irrational","model_config","5",2000,2000,1999,0.0173691735136431,1.1633495379301,0.000252940275533868,0.00492226766499928,-233.40529417902,NaN,NaN,0,0.005,-1.1556092849046,-1.1363514439283
paired_ttest,two_sided,std_order,decision_step,"2,3","model_config,fit_phase","5,irrational",2000,2000,1999,0.698927385605079,0.775929790404473,0.00672056321971216,0.0053241639407076,-10.2657795565693,NaN,NaN,3.94571389978106e-24,0.005,-0.0917127708945088,-0.0622920387042792
paired_ttest,two_sided,std_order,decision_step,"2,4","model_config,fit_phase","5,irrational",2000,2000,1999,0.698927385605079,1.1633495379301,0.00672056321971216,0.00492226766499928,-63.007905732805,NaN,NaN,0,0.005,-0.478877515552819,-0.449966789097213
paired_ttest,two_sided,std_order,decision_step,"3,4","model_config,fit_phase","5,irrational",2000,2000,1999,0.775929790404473,1.1633495379301,0.0053241639407076,0.00492226766499928,-80.1401299881946,NaN,NaN,0,0.005,-0.396900500653598,-0.377938994397646
paired_ttest,two_sided,std_order_step_2,trial_type,"option,attribute","model_config,fit_phase","5,irrational",2000,2000,1999,0.844182506403379,0.626299825205929,0.0100527976305531,0.00765265389217076,19.5640301490973,NaN,NaN,3.9973522344251e-78,0.005,0.196041530554944,0.239723831839955
paired_ttest,two_sided,std_order_step_3,trial_type,"option,attribute","model_config,fit_phase","5,irrational",2000,2000,1999,0.699081329804224,0.852778251004722,0.00532015069353808,0.00657472306959251,-28.2142926948276,NaN,NaN,1.04769604681008e-147,0.005,-0.164380263099176,-0.143013579301821
paired_ttest,two_sided,std_order_step_4,trial_type,"option,attribute","model_config,fit_phase","5,irrational",2000,2000,1999,1.02429873709418,1.30240033876601,0.00469613393071097,0.0071469085804038,-39.5880377241385,NaN,NaN,1.44873150831479e-253,0.005,-0.291878474243067,-0.26432472910061
paired_ttest,two_sided,value_function_attended_gradient_diff,fit_phase,"rational,irrational","model_config","5",2000,2000,1999,-0.369719143389062,1.1633495379301,0.0040310075512838,0.00492226766499928,-212.217626383736,NaN,NaN,0,0.005,-1.54723611817547,-1.51890124446284
paired_ttest,two_sided,std_order_step_2,fit_phase,"rational,irrational","model_config","6",2000,2000,1999,0.00308964607901079,0.658731660589386,6.21666019633192e-05,0.00574124200672414,-114.195086215679,NaN,NaN,0,0.005,-0.666901809572414,-0.644382219448335
paired_ttest,two_sided,std_order_step_3,fit_phase,"rational,irrational","model_config","6",2000,2000,1999,0.00591312199285054,0.70024099763308,0.000122128615765598,0.00493514846762428,-140.596686457924,NaN,NaN,0,0.005,-0.704012898336574,-0.684642852943885
paired_ttest,two_sided,std_order_step_4,fit_phase,"rational,irrational","model_config","6",2000,2000,1999,0.00979467430568911,1.00939970138224,0.000178747828764454,0.00397677306833418,-250.89891087656,NaN,NaN,0,0.005,-1.00741844010259,-0.991791614050521
paired_ttest,two_sided,std_order,decision_step,"2,3","model_config,fit_phase","6,irrational",2000,2000,1999,0.658731660589386,0.70024099763308,0.00574124200672414,0.00493514846762428,-6.36064196233269,NaN,NaN,2.48332337844043e-10,0.005,-0.054307745722513,-0.028710928364875
paired_ttest,two_sided,std_order,decision_step,"2,4","model_config,fit_phase","6,irrational",2000,2000,1999,0.658731660589386,1.00939970138224,0.00574124200672414,0.00397677306833418,-54.0935718129566,NaN,NaN,0,0.005,-0.363381439135037,-0.33795464245068
paired_ttest,two_sided,std_order,decision_step,"3,4","model_config,fit_phase","6,irrational",2000,2000,1999,0.70024099763308,1.00939970138224,0.00493514846762428,0.00397677306833418,-71.1778483531281,NaN,NaN,0,0.005,-0.317676902106437,-0.300640505391893
paired_ttest,two_sided,std_order_step_2,trial_type,"option,attribute","model_config,fit_phase","6,irrational",2000,2000,1999,0.762041994525317,0.60707649362142,0.00817789737800557,0.00688903378267466,15.9525294619306,NaN,NaN,5.1036325135856e-54,0.005,0.13591455272039,0.174016449087406
paired_ttest,two_sided,std_order_step_3,trial_type,"option,attribute","model_config,fit_phase","6,irrational",2000,2000,1999,0.632434562066498,0.768047433199661,0.00504323149669139,0.00579755126328294,-29.8293094673575,NaN,NaN,4.82865855282401e-162,0.005,-0.144528846043922,-0.126696896222405
paired_ttest,two_sided,std_order_step_4,trial_type,"option,attribute","model_config,fit_phase","6,irrational",2000,2000,1999,0.88757109045777,1.13122831230672,0.00379997724215749,0.00561671572554883,-45.4693989826028,NaN,NaN,1.40599541156986e-310,0.005,-0.254166459212008,-0.233147984485887
paired_ttest,two_sided,value_function_attended_gradient_diff,fit_phase,"rational,irrational","model_config","6",2000,2000,1999,-0.369831121642548,1.00939970138224,0.00396371719868811,0.00397677306833418,-217.405803145967,NaN,NaN,0,0.005,-1.39167244347916,-1.36678920257043
paired_ttest,two_sided,std_order_step_2,fit_phase,"rational,irrational","model_config","7",2000,2000,1999,0.000276329090528358,0.229049671683434,5.17008963443383e-06,0.00220328555438024,-103.832689678958,NaN,NaN,0,0.005,-0.233094324425414,-0.224452360760398
paired_ttest,two_sided,std_order_step_3,fit_phase,"rational,irrational","model_config","7",2000,2000,1999,0.000268384039394878,0.0696673269648846,4.61069299788808e-06,0.000588742248662511,-117.891826614649,NaN,NaN,0,0.005,-0.0705534066350184,-0.068244479215961
paired_ttest,two_sided,std_order_step_4,fit_phase,"rational,irrational","model_config","7",2000,2000,1999,0.00247343080220131,1.07520614758074,2.71515356521037e-05,0.00266974239258573,-401.737824587718,NaN,NaN,0,0.005,-1.07796944372386,-1.06749598983322
paired_ttest,two_sided,std_order,decision_step,"2,3","model_config,fit_phase","7,irrational",2000,2000,1999,0.229049671683434,0.0696673269648846,0.00220328555438024,0.000588742248662511,71.2319955203908,NaN,NaN,0,0.005,0.154994247636454,0.163770441800646
paired_ttest,two_sided,std_order,decision_step,"2,4","model_config,fit_phase","7,irrational",2000,2000,1999,0.229049671683434,1.07520614758074,0.00220328555438024,0.00266974239258573,-255.485432170196,NaN,NaN,0,0.005,-0.852651722848556,-0.839661228946054
paired_ttest,two_sided,std_order,decision_step,"3,4","model_config,fit_phase","7,irrational",2000,2000,1999,0.0696673269648846,1.07520614758074,0.000588742248662511,0.00266974239258573,-383.220594808712,NaN,NaN,0,0.005,-1.01068471807753,-1.00039292315418
paired_ttest,two_sided,std_order_step_2,trial_type,"option,attribute","model_config,fit_phase","7,irrational",2000,2000,1999,0.687149015050303,5.05196474931413e-16,0.00660985666314071,2.62349047972804e-18,103.958232389838,NaN,NaN,0,0.005,0.67418608526826,0.700111944832344
paired_ttest,two_sided,std_order_step_3,trial_type,"option,attribute","model_config,fit_phase","7,irrational",2000,2000,1999,0.209001980894654,2.15079284243691e-16,0.00176622674598753,6.14100404366227e-19,118.332474224761,NaN,NaN,0,0.005,0.205538142803417,0.21246581898589
paired_ttest,two_sided,std_order_step_4,trial_type,"option,attribute","model_config,fit_phase","7,irrational",2000,2000,1999,0.933854689535946,1.21655760562553,0.00367978616939866,0.00426380700317323,-47.8322386028555,NaN,NaN,0,0.005,-0.294293910815523,-0.271111921363649
paired_ttest,two_sided,value_function_attended_gradient_diff,fit_phase,"rational,irrational","model_config","7",2000,2000,1999,-0.682726744793495,1.07520614758074,0.00256397873391079,0.00266974239258573,-463.891190259491,NaN,NaN,0,0.005,-1.76536474850954,-1.75050103623893
paired_ttest,two_sided,std_order_step_2,fit_phase,"rational,irrational","model_config","8",2000,2000,1999,0.000266613757850581,0.250091596451572,5.54064136912821e-06,0.0014980936740691,-166.745718038211,NaN,NaN,0,0.005,-0.252763256763774,-0.24688670862367
paired_ttest,two_sided,std_order_step_3,fit_phase,"rational,irrational","model_config","8",2000,2000,1999,0.000267286369034411,0.0604698582979291,3.54853028976899e-06,0.000535151750727233,-112.506949448069,NaN,NaN,0,0.005,-0.0612519858541276,-0.0591531580036619
paired_ttest,two_sided,std_order_step_4,fit_phase,"rational,irrational","model_config","8",2000,2000,1999,0.00274110453236837,0.932744560921781,2.52316056634791e-05,0.00253703527965154,-366.559444564549,NaN,NaN,0,0.005,-0.93497912302768,-0.925027789751145
paired_ttest,two_sided,std_order,decision_step,"2,3","model_config,fit_phase","8,irrational",2000,2000,1999,0.250091596451572,0.0604698582979291,0.0014980936740691,0.000535151750727233,122.026444679322,NaN,NaN,0,0.005,0.186574227082969,0.192669249224317
paired_ttest,two_sided,std_order,decision_step,"2,4","model_config,fit_phase","8,irrational",2000,2000,1999,0.250091596451572,0.932744560921781,0.0014980936740691,0.00253703527965154,-249.477215253658,NaN,NaN,0,0.005,-0.688019329608577,-0.677286599331841
paired_ttest,two_sided,std_order,decision_step,"3,4","model_config,fit_phase","8,irrational",2000,2000,1999,0.0604698582979291,0.932744560921781,0.000535151750727233,0.00253703527965154,-342.219467259599,NaN,NaN,0,0.005,-0.877273432782391,-0.867275972465313
paired_ttest,two_sided,std_order_step_2,trial_type,"option,attribute","model_config,fit_phase","8,irrational",2000,2000,1999,0.750274789354715,4.63308228587644e-16,0.0044942810222073,1.97369410449881e-18,166.93989219798,NaN,NaN,0,0.005,0.741460823745368,0.759088754964062
paired_ttest,two_sided,std_order_step_3,trial_type,"option,attribute","model_config,fit_phase","8,irrational",2000,2000,1999,0.181409574893787,1.92115906516577e-16,0.0016054552521817,5.18361250308223e-19,112.995721710253,NaN,NaN,0,0.005,0.178261034045951,0.184558115741624
paired_ttest,two_sided,std_order_step_4,trial_type,"option,attribute","model_config,fit_phase","8,irrational",2000,2000,1999,0.800722657664757,1.0647664641788,0.00347889909513307,0.00388671256909876,-49.3110559476801,NaN,NaN,0,0.005,-0.274545100314806,-0.253542512713288
paired_ttest,two_sided,value_function_attended_gradient_diff,fit_phase,"rational,irrational","model_config","8",2000,2000,1999,-0.747269695069439,0.932744560921781,0.00179351425888541,0.00253703527965154,-483.437750480507,NaN,NaN,0,0.005,-1.68682953332686,-1.67319897865558
paired_ttest,two_sided,std_order_step_2,fit_phase,"rational,irrational","model_config","9",2000,2000,1999,0.00062510129133221,0.114456758977823,1.26375059911337e-05,0.00176404496603172,-64.5415716905937,NaN,NaN,0,0.005,-0.117290530956613,-0.11037278441637
paired_ttest,two_sided,std_order_step_3,fit_phase,"rational,irrational","model_config","9",2000,2000,1999,0.0039235810080406,0.35988965524878,6.52113995862643e-05,0.00218226971158044,-162.97398234342,NaN,NaN,0,0.005,-0.360249600739827,-0.351682547741653
paired_ttest,two_sided,std_order_step_4,fit_phase,"rational,irrational","model_config","9",2000,2000,1999,0.00716387103757925,0.920306965118724,9.51231609654183e-05,0.00323451627218295,-282.306648411988,NaN,NaN,0,0.005,-0.919486592846937,-0.906799595315354
paired_ttest,two_sided,std_order,decision_step,"2,3","model_config,fit_phase","9,irrational",2000,2000,1999,0.114456758977823,0.35988965524878,0.00176404496603172,0.00218226971158044,-87.3760620675894,NaN,NaN,0,0.005,-0.250941625569218,-0.239924166972697
paired_ttest,two_sided,std_order,decision_step,"2,4","model_config,fit_phase","9,irrational",2000,2000,1999,0.114456758977823,0.920306965118724,0.00176404496603172,0.00323451627218295,-231.167969582899,NaN,NaN,0,0.005,-0.812686768658925,-0.799013643622878
paired_ttest,two_sided,std_order,decision_step,"3,4","model_config,fit_phase","9,irrational",2000,2000,1999,0.35988965524878,0.920306965118724,0.00218226971158044,0.00323451627218295,-158.597982494149,NaN,NaN,0,0.005,-0.567347178622721,-0.553487441117168
paired_ttest,two_sided,std_order_step_2,trial_type,"option,attribute","model_config,fit_phase","9,irrational",2000,2000,1999,0.343370276933469,4.83520229063727e-16,0.00529213489809515,4.73317350851592e-18,64.8831300685591,NaN,NaN,0,0.005,0.332991599062335,0.353748954804602
paired_ttest,two_sided,std_order_step_3,trial_type,"option,attribute","model_config,fit_phase","9,irrational",2000,2000,1999,0.21420077584989,0.505578534647671,0.00205544545493777,0.00370982024457133,-70.8237168755681,NaN,NaN,0,0.005,-0.299446184611642,-0.283309332983921
paired_ttest,two_sided,std_order_step_4,trial_type,"option,attribute","model_config,fit_phase","9,irrational",2000,2000,1999,0.860410559501509,0.980203370735941,0.0041671803929654,0.00489904224631762,-18.7351001113062,NaN,NaN,2.76984307531187e-72,0.005,-0.132332474245726,-0.107253148223139
paired_ttest,two_sided,value_function_attended_gradient_diff,fit_phase,"rational,irrational","model_config","9",2000,2000,1999,-0.369006159820336,0.920306965118724,0.00459181182991117,0.00323451627218295,-220.228822597543,NaN,NaN,0,0.005,-1.3007945388439,-1.27783171103422
paired_ttest,two_sided,std_order_step_2,fit_phase,"rational,irrational","model_config","10",2000,2000,1999,0.000296449162712097,0.105105576338611,4.0968162626262e-06,0.00155713979065163,-67.3114990609536,NaN,NaN,0,0.005,-0.107862789202082,-0.101755465149717
paired_ttest,two_sided,std_order_step_3,fit_phase,"rational,irrational","model_config","10",2000,2000,1999,0.00191210540303897,0.346062771079918,2.17421638722025e-05,0.00195283368908548,-176.250543480928,NaN,NaN,0,0.005,-0.347980052828913,-0.340321278524845
paired_ttest,two_sided,std_order_step_4,fit_phase,"rational,irrational","model_config","10",2000,2000,1999,0.00425418135666413,0.820997311565619,4.26441687662411e-05,0.00281226415498341,-290.491865064182,NaN,NaN,0,0.005,-0.822257077903738,-0.811229182514172
paired_ttest,two_sided,std_order,decision_step,"2,3","model_config,fit_phase","10,irrational",2000,2000,1999,0.105105576338611,0.346062771079918,0.00155713979065163,0.00195283368908548,-94.7242290089467,NaN,NaN,0,0.005,-0.245945924125661,-0.235968465356953
paired_ttest,two_sided,std_order,decision_step,"2,4","model_config,fit_phase","10,irrational",2000,2000,1999,0.105105576338611,0.820997311565619,0.00155713979065163,0.00281226415498341,-227.497186394224,NaN,NaN,0,0.005,-0.722063117455867,-0.709720352998149
paired_ttest,two_sided,std_order,decision_step,"3,4","model_config,fit_phase","10,irrational",2000,2000,1999,0.346062771079918,0.820997311565619,0.00195283368908548,0.00281226415498341,-153.777230144738,NaN,NaN,0,0.005,-0.480991474582413,-0.468877606388989
paired_ttest,two_sided,std_order_step_2,trial_type,"option,attribute","model_config,fit_phase","10,irrational",2000,2000,1999,0.315316729015834,4.30984631663578e-16,0.0046714193719549,3.94802472174123e-18,67.4991269053798,NaN,NaN,0,0.005,0.306155368280311,0.324478089751355
paired_ttest,two_sided,std_order_step_3,trial_type,"option,attribute","model_config,fit_phase","10,irrational",2000,2000,1999,0.192549893984402,0.499575648175435,0.00188922132150636,0.00346948048433005,-76.8557754365124,NaN,NaN,0,0.005,-0.314860220637319,-0.299191287744746
paired_ttest,two_sided,std_order_step_4,trial_type,"option,attribute","model_config,fit_phase","10,irrational",2000,2000,1999,0.757879849414587,0.884114773716651,0.00363063370248481,0.00424181674672007,-22.7778873242532,NaN,NaN,2.69013009508538e-102,0.005,-0.137103614516652,-0.115366234087474
paired_ttest,two_sided,value_function_attended_gradient_diff,fit_phase,"rational,irrational","model_config","10",2000,2000,1999,-0.350580454031706,0.820997311565619,0.00443910070093906,0.00281226415498341,-222.455961778049,NaN,NaN,0,0.005,-1.18190628806297,-1.16124924313168
