test_name,tail,dependent_variable,independent_variable,independent_variable_levels,subset_factors,subset_levels,sample_size_1,sample_size_2,degrees_freedom,mean_1,mean_2,standard_error_1,standard_error_2,t_stats,r,beta,p_value,cohens_d,p_value_threshold,conf_interval_95_1,conf_interval_95_2
paired_ttest,two_sided,dist_RDM_avg_OFC,fit_phase,"initial,rational","model_config","1",1000,1000,999,0.493687588954935,0.564513242967804,0.00373147610189484,0.00277040750598473,-16.1653280130487,NaN,NaN,2.1638258843513e-52,-0.51119255644958,0.005,-0.0794233216425722,-0.0622279863831641
paired_ttest,two_sided,dist_CCM_avg_OFC,fit_phase,"initial,rational","model_config","1",1000,1000,999,3.06338851224417,3.93327327369169,0.0253769280272848,0.0336740849695286,-20.9707355663653,NaN,NaN,3.34547035435534e-81,-0.663152885988154,0.005,-0.951284430447892,-0.78848509244714
paired_ttest,two_sided,dist_CCM_avg_OFC,fit_phase,"rational,irrational","model_config","1",2000,2000,1999,3.93327327369168,2.67630185025321,0.0238052173158318,0.0132296041765591,45.2886964228763,NaN,NaN,7.99880286720146e-309,1.01268603813903,0.005,1.20254037359829,1.31140247327865
paired_ttest,two_sided,dist_CCM_same_OFC,fit_phase,"rational,irrational","model_config","1",2000,2000,1999,3.93327327369168,2.71119187140636,0.0238052173158318,0.0144512939068981,43.0878160349659,NaN,NaN,1.89632601466367e-287,0.963472856561893,0.005,1.16645809857202,1.27770470599863
paired_ttest,two_sided,dist_CCM_other_OFC,fit_phase,"rational,irrational","model_config","1",2000,2000,1999,3.93327327369168,2.64141182910007,0.0238052173158318,0.0135046297774807,46.3341093080332,NaN,NaN,5.64717033196545e-319,1.03606218089668,0.005,1.23718172926826,1.34654115991497
paired_ttest,two_sided,dist_RDM_avg,area,"OFC,dlPFC","model_config,fit_phase","1,irrational",2000,2000,1999,0.564513242967803,0.334210982954769,0.00195848388435961,0.000659652787714075,146.635031128806,NaN,NaN,0,3.27885897486807,0.005,0.227222111969173,0.233382408056897
paired_ttest,two_sided,dist_RDM_avg,area,"OFC,ACC","model_config,fit_phase","1,irrational",2000,2000,1999,0.564513242967803,0.500879547909914,0.00195848388435961,0.00213797812494922,133.665951654078,NaN,NaN,0,2.98886154175718,0.005,0.0627000593048107,0.0645673308109673
paired_ttest,two_sided,dist_RDM_avg,area,"dlPFC,ACC","model_config,fit_phase","1,irrational",2000,2000,1999,0.334210982954769,0.500879547909914,0.000659652787714075,0.00213797812494922,-92.2624899359584,NaN,NaN,0,-2.06305199270193,0.005,-0.170211307981986,-0.163125821928305
paired_ttest,two_sided,dist_CCM_avg,area,"OFC,dlPFC","model_config,fit_phase","1,irrational",2000,2000,1999,2.67630185025321,3.05308522563632,0.0132296041765591,0.0114639576358034,-84.9341710417872,NaN,NaN,0,-1.8991858006203,0.005,-0.385483398502962,-0.368083352263253
paired_ttest,two_sided,dist_CCM_avg,area,"OFC,ACC","model_config,fit_phase","1,irrational",2000,2000,1999,2.67630185025321,3.18691195709515,0.0132296041765591,0.018989367100584,-26.2991618608041,NaN,NaN,3.68644470024965e-131,-0.588067136720278,0.005,-0.548686747515379,-0.472533466168496
paired_ttest,two_sided,dist_CCM_avg,area,"dlPFC,ACC","model_config,fit_phase","1,irrational",2000,2000,1999,3.05308522563632,3.18691195709515,0.0114639576358034,0.018989367100584,-8.12694164169478,NaN,NaN,7.63051493078336e-16,-0.181723939600033,0.005,-0.166121104425748,-0.101532358491912
paired_ttest,two_sided,dist_RDM_avg_OFC,fit_phase,"initial,rational","model_config","2",1000,1000,999,0.493687588954935,0.549726325412134,0.00373147610189484,0.00281144262368219,-12.6833573425808,NaN,NaN,2.74998664533318e-34,-0.401082975803759,0.005,-0.0647089278749162,-0.0473685450394816
paired_ttest,two_sided,dist_CCM_avg_OFC,fit_phase,"initial,rational","model_config","2",1000,1000,999,3.06338851224417,3.59175959154625,0.0253769280272848,0.0261280460528546,-15.2738233322493,NaN,NaN,1.71210741407783e-47,-0.483000703089305,0.005,-0.596254833960224,-0.460487324643936
paired_ttest,two_sided,dist_CCM_avg_OFC,fit_phase,"rational,irrational","model_config","2",2000,2000,1999,3.59175959154625,2.55461500532068,0.0184706968248459,0.012065333641127,46.9791621433259,NaN,NaN,0,1.05048600078461,0.005,0.993848846467737,1.0804403259834
paired_ttest,two_sided,dist_CCM_same_OFC,fit_phase,"rational,irrational","model_config","2",2000,2000,1999,3.59175959154625,2.58371556263363,0.0184706968248459,0.0132640257287528,44.269950262292,NaN,NaN,6.28660118696007e-299,0.989906181470196,0.005,0.963387846396411,1.05270021142883
paired_ttest,two_sided,dist_CCM_other_OFC,fit_phase,"rational,irrational","model_config","2",2000,2000,1999,3.59175959154625,2.52551444800773,0.0184706968248459,0.0124397654683783,47.8851003767873,NaN,NaN,0,1.07074339551897,0.005,1.02257669216123,1.10991359491581
paired_ttest,two_sided,dist_RDM_avg,area,"OFC,dlPFC","model_config,fit_phase","2,irrational",2000,2000,1999,0.549726325412134,0.325504300017058,0.00198749283576104,0.000657553653799556,143.24446867058,NaN,NaN,0,3.20304369348255,0.005,0.221152215107683,0.227291835682469
paired_ttest,two_sided,dist_RDM_avg,area,"OFC,ACC","model_config,fit_phase","2,irrational",2000,2000,1999,0.549726325412134,0.492329954029926,0.00198749283576104,0.0020254767114096,142.266968664015,NaN,NaN,0,3.1811861288557,0.005,0.056605161895523,0.0581875808688925
paired_ttest,two_sided,dist_RDM_avg,area,"dlPFC,ACC","model_config,fit_phase","2,irrational",2000,2000,1999,0.325504300017058,0.492329954029926,0.000657553653799556,0.0020254767114096,-101.42994119186,NaN,NaN,0,-2.26804243458805,0.005,-0.170051233801674,-0.163600074224062
paired_ttest,two_sided,dist_CCM_avg,area,"OFC,dlPFC","model_config,fit_phase","2,irrational",2000,2000,1999,2.55461500532068,2.93425494885274,0.012065333641127,0.0102661121563214,-90.2105449846802,NaN,NaN,0,-2.01716910873048,0.005,-0.387893207211358,-0.37138667985277
paired_ttest,two_sided,dist_CCM_avg,area,"OFC,ACC","model_config,fit_phase","2,irrational",2000,2000,1999,2.55461500532068,3.01678682499626,0.012065333641127,0.0173156550568838,-25.0636613304285,NaN,NaN,8.76232723939255e-121,-0.560440504998709,0.005,-0.498335287916323,-0.426008351434846
paired_ttest,two_sided,dist_CCM_avg,area,"dlPFC,ACC","model_config,fit_phase","2,irrational",2000,2000,1999,2.93425494885274,3.01678682499626,0.0102661121563214,0.0173156550568838,-5.23754154517172,NaN,NaN,1.79839843754665e-07,-0.117114989299833,0.005,-0.113435212128973,-0.0516285401580682
paired_ttest,two_sided,dist_RDM_avg_OFC,fit_phase,"initial,rational","model_config","3",1000,1000,999,0.493687588954935,0.591930897925442,0.00373147610189484,0.00309261994664917,-19.9444068469041,NaN,NaN,9.23269866195864e-75,-0.630697522172742,0.005,-0.107909523661754,-0.0885770942792592
paired_ttest,two_sided,dist_CCM_avg_OFC,fit_phase,"initial,rational","model_config","3",1000,1000,999,3.06338851224417,3.84368685361757,0.0253769280272848,0.0287875401623517,-20.4589127640938,NaN,NaN,5.66014164991588e-78,-0.646967627852275,0.005,-0.855141604306612,-0.705455078440198
paired_ttest,two_sided,dist_CCM_avg_OFC,fit_phase,"rational,irrational","model_config","3",2000,2000,1999,3.84368685361757,3.16064811704831,0.0203507727135907,0.0133052806916417,27.9887368976162,NaN,NaN,9.90738760627064e-146,0.625847183074264,0.005,0.635178685108052,0.730898788030482
paired_ttest,two_sided,dist_CCM_same_OFC,fit_phase,"rational,irrational","model_config","3",2000,2000,1999,3.84368685361757,3.19024491792198,0.0203507727135907,0.0142229926719872,26.1573275262102,NaN,NaN,5.89270282210399e-130,0.584895624583324,0.005,0.60444998195321,0.702433889437972
paired_ttest,two_sided,dist_CCM_other_OFC,fit_phase,"rational,irrational","model_config","3",2000,2000,1999,3.84368685361757,3.13105131617463,0.0203507727135907,0.0136487085554395,29.0551268099677,NaN,NaN,3.94883248449764e-155,0.649692386419644,0.005,0.664534346714676,0.76073672817121
paired_ttest,two_sided,dist_RDM_avg,area,"OFC,dlPFC","model_config,fit_phase","3,irrational",2000,2000,1999,0.591930897925442,0.343085538453463,0.00218626549086272,0.000825289537604187,125.747887174999,NaN,NaN,0,2.81180823750273,0.005,0.244964392235907,0.252726326708049
paired_ttest,two_sided,dist_RDM_avg,area,"OFC,ACC","model_config,fit_phase","3,irrational",2000,2000,1999,0.591930897925442,0.538250594199285,0.00218626549086272,0.00219847883974033,120.742680641245,NaN,NaN,0,2.69988841699371,0.005,0.0528084065367896,0.0545522009155236
paired_ttest,two_sided,dist_RDM_avg,area,"dlPFC,ACC","model_config,fit_phase","3,irrational",2000,2000,1999,0.343085538453463,0.538250594199285,0.000825289537604187,0.00219847883974033,-100.82783526934,NaN,NaN,0,-2.25457893686395,0.005,-0.198961112908223,-0.19136899858342
paired_ttest,two_sided,dist_CCM_avg,area,"OFC,dlPFC","model_config,fit_phase","3,irrational",2000,2000,1999,3.16064811704831,3.23401083397061,0.0133052806916417,0.0120980215596215,-17.5989438087673,NaN,NaN,1.44067602112954e-64,-0.393524346886028,0.005,-0.0815379459612204,-0.065187487883382
paired_ttest,two_sided,dist_CCM_avg,area,"OFC,ACC","model_config,fit_phase","3,irrational",2000,2000,1999,3.16064811704831,3.42014358049021,0.0133052806916417,0.0154335726502972,-16.2526959737,NaN,NaN,6.96087564182904e-56,-0.363421330148304,0.005,-0.290807800636944,-0.228183126246871
paired_ttest,two_sided,dist_CCM_avg,area,"dlPFC,ACC","model_config,fit_phase","3,irrational",2000,2000,1999,3.23401083397061,3.42014358049021,0.0120980215596215,0.0154335726502972,-13.3474884820846,NaN,NaN,5.42645376687259e-39,-0.298458915748367,0.005,-0.213481299819887,-0.158784193219326
paired_ttest,two_sided,dist_RDM_avg_OFC,fit_phase,"initial,rational","model_config","4",1000,1000,999,0.493687588954935,0.614827358098562,0.00373147610189484,0.00347646044059416,-24.3018141051228,NaN,NaN,7.22732499188164e-103,-0.768490838461945,0.005,-0.130921655819015,-0.111357882468239
paired_ttest,two_sided,dist_CCM_avg_OFC,fit_phase,"initial,rational","model_config","4",1000,1000,999,3.06338851224417,3.97008518491012,0.0253769280272848,0.0295482452959799,-23.1662990811821,NaN,NaN,2.2680420642109e-95,-0.732582700532015,0.005,-0.983499983682921,-0.829893361648992
paired_ttest,two_sided,dist_CCM_avg_OFC,fit_phase,"rational,irrational","model_config","4",2000,2000,1999,3.97008518491012,3.05568137445687,0.0208885379130215,0.0126643405686717,36.8593647471189,NaN,NaN,2.20000250795421e-227,0.824200451820173,0.005,0.865751742144888,0.963055878761618
paired_ttest,two_sided,dist_CCM_same_OFC,fit_phase,"rational,irrational","model_config","4",2000,2000,1999,3.97008518491012,3.10126012521764,0.0208885379130215,0.0133178963352519,34.6276643530835,NaN,NaN,3.09248931451549e-206,0.774298113955409,0.005,0.819618809963313,0.918031309421652
paired_ttest,two_sided,dist_CCM_other_OFC,fit_phase,"rational,irrational","model_config","4",2000,2000,1999,3.97008518491012,3.0101026236961,0.0208885379130215,0.0130438902093822,38.3053236823861,NaN,NaN,3.19377486305507e-241,0.856533076539478,0.005,0.910833487866561,1.00913163456148
paired_ttest,two_sided,dist_RDM_avg,area,"OFC,dlPFC","model_config,fit_phase","4,irrational",2000,2000,1999,0.614827358098562,0.425959561206681,0.00245761381053481,0.00283152466637034,76.9094314520044,NaN,NaN,0,1.71974716837542,0.005,0.184051764045114,0.193683829738647
paired_ttest,two_sided,dist_RDM_avg,area,"OFC,ACC","model_config,fit_phase","4,irrational",2000,2000,1999,0.614827358098562,0.579612402734585,0.00245761381053481,0.00271208197155783,58.0982333435127,NaN,NaN,0,1.29911599128739,0.005,0.0340262469343254,0.0364036637936288
paired_ttest,two_sided,dist_RDM_avg,area,"dlPFC,ACC","model_config,fit_phase","4,irrational",2000,2000,1999,0.425959561206681,0.579612402734585,0.00283152466637034,0.00271208197155783,-71.3046955997416,NaN,NaN,0,-1.59442146475952,0.005,-0.15787888142389,-0.149426801631917
paired_ttest,two_sided,dist_CCM_avg,area,"OFC,dlPFC","model_config,fit_phase","4,irrational",2000,2000,1999,3.05568137445687,3.26427570725498,0.0126643405686717,0.0126128297251428,-45.4340143894297,NaN,NaN,3.10199773207546e-310,-1.01593544665469,0.005,-0.217598271312106,-0.199590394284109
paired_ttest,two_sided,dist_CCM_avg,area,"OFC,ACC","model_config,fit_phase","4,irrational",2000,2000,1999,3.05568137445687,3.69929525118125,0.0126643405686717,0.0173630527644039,-43.6307939256315,NaN,NaN,1.01397309338171e-292,-0.975614211299969,0.005,-0.672543542100878,-0.614684211347881
paired_ttest,two_sided,dist_CCM_avg,area,"dlPFC,ACC","model_config,fit_phase","4,irrational",2000,2000,1999,3.26427570725498,3.69929525118125,0.0126128297251428,0.0173630527644039,-35.3069545789332,NaN,NaN,1.21476999928824e-212,-0.789487505169921,0.005,-0.459183032580204,-0.41085605527234
paired_ttest,two_sided,dist_RDM_avg_OFC,fit_phase,"initial,rational","model_config","5",1000,1000,999,0.493687588954935,0.668139512830943,0.00373147610189484,0.00212039648340671,-40.7794556839282,NaN,NaN,7.9144567466697e-215,-1.28955961703112,0.005,-0.182846696132158,-0.166057151619857
paired_ttest,two_sided,dist_CCM_avg_OFC,fit_phase,"initial,rational","model_config","5",1000,1000,999,3.06338851224417,3.49153321022316,0.0253769280272848,0.0339868778536248,-9.84797103704842,NaN,NaN,6.68791234632648e-22,-0.311420188084434,0.005,-0.513458321368808,-0.342831074589172
paired_ttest,two_sided,dist_CCM_avg_OFC,fit_phase,"rational,irrational","model_config","5",2000,2000,1999,3.49153321022316,2.77591987864001,0.0240263399562092,0.0139373372566718,26.1399524409033,NaN,NaN,8.27092818001583e-130,0.584507105864713,0.005,0.661924400637304,0.76930226252899
paired_ttest,two_sided,dist_CCM_same_OFC,fit_phase,"rational,irrational","model_config","5",2000,2000,1999,3.49153321022316,2.76438616814946,0.0240263399562092,0.0142623157959068,26.2919618447192,NaN,NaN,4.24412449461281e-131,0.58790613946623,0.005,0.67290820426243,0.781385879884956
paired_ttest,two_sided,dist_CCM_other_OFC,fit_phase,"rational,irrational","model_config","5",2000,2000,1999,3.49153321022316,2.78745358913056,0.0240263399562092,0.0155009759530188,25.0623744694798,NaN,NaN,8.9803731432514e-121,0.56041172991312,0.005,0.64898481152057,0.759174430664631
paired_ttest,two_sided,dist_RDM_avg,area,"OFC,dlPFC","model_config,fit_phase","5,irrational",2000,2000,1999,0.668139512830942,0.376628749010397,0.00149897166111263,0.00151152444140735,165.694439813851,NaN,NaN,0,3.70504030917519,0.005,0.288060456440866,0.294961071200226
paired_ttest,two_sided,dist_RDM_avg,area,"OFC,ACC","model_config,fit_phase","5,irrational",2000,2000,1999,0.668139512830942,0.615691168584638,0.00149897166111263,0.00154811717315714,117.418913640426,NaN,NaN,0,2.62556672744169,0.005,0.0515723427435215,0.0533243457490888
paired_ttest,two_sided,dist_RDM_avg,area,"dlPFC,ACC","model_config,fit_phase","5,irrational",2000,2000,1999,0.376628749010397,0.615691168584638,0.00151152444140735,0.00154811717315714,-151.463120960162,NaN,NaN,0,-3.38681834551195,0.005,-0.242157810720847,-0.235967028427635
paired_ttest,two_sided,dist_CCM_avg,area,"OFC,dlPFC","model_config,fit_phase","5,irrational",2000,2000,1999,2.77591987864001,3.08314533943493,0.0139373372566718,0.0123802362953737,-66.3118023817724,NaN,NaN,0,-1.48277697836176,0.005,-0.316311560510347,-0.298139361079492
paired_ttest,two_sided,dist_CCM_avg,area,"OFC,ACC","model_config,fit_phase","5,irrational",2000,2000,1999,2.77591987864001,3.26398746656083,0.0139373372566718,0.0180613331392847,-25.3847948759289,NaN,NaN,1.8616606972398e-123,-0.567621269374654,0.005,-0.525774193306778,-0.450360982534863
paired_ttest,two_sided,dist_CCM_avg,area,"dlPFC,ACC","model_config,fit_phase","5,irrational",2000,2000,1999,3.08314533943493,3.26398746656083,0.0123802362953737,0.0180613331392847,-10.9929350646892,NaN,NaN,2.4632525270709e-27,-0.245809500768861,0.005,-0.213104556800287,-0.148579697451515
paired_ttest,two_sided,dist_RDM_avg_OFC,fit_phase,"initial,rational","model_config","6",1000,1000,999,0.493687588954935,0.65412133125134,0.00373147610189484,0.00231980865828668,-36.0398528092865,NaN,NaN,6.70499363331516e-183,-1.13968021414563,0.005,-0.169169232586528,-0.15169825200628
paired_ttest,two_sided,dist_CCM_avg_OFC,fit_phase,"initial,rational","model_config","6",1000,1000,999,3.06338851224417,3.9811221968881,0.0253769280272848,0.0367469769133433,-21.6555763015367,NaN,NaN,1.43726195549655e-85,-0.684809451564213,0.005,-1.00089502999809,-0.834572339289772
paired_ttest,two_sided,dist_CCM_avg_OFC,fit_phase,"rational,irrational","model_config","6",2000,2000,1999,3.9811221968881,2.80575101053181,0.0259775364917432,0.0153774434434686,38.734925539563,NaN,NaN,2.37995665254508e-245,0.866139266098557,0.005,1.11586207825188,1.23488029446071
paired_ttest,two_sided,dist_CCM_same_OFC,fit_phase,"rational,irrational","model_config","6",2000,2000,1999,3.9811221968881,2.81321028394794,0.0259775364917432,0.015683383381788,38.173979587932,NaN,NaN,5.81993028060144e-240,0.853596133303054,0.005,1.10791156371221,1.22791226216812
paired_ttest,two_sided,dist_CCM_other_OFC,fit_phase,"rational,irrational","model_config","6",2000,2000,1999,3.9811221968881,2.79829173711567,0.0259775364917432,0.0169026084910238,38.0919176883542,NaN,NaN,3.56607116893175e-239,0.851761173444867,0.005,1.12193277394358,1.24372814560127
paired_ttest,two_sided,dist_RDM_avg,area,"OFC,dlPFC","model_config,fit_phase","6,irrational",2000,2000,1999,0.65412133125134,0.364217018112472,0.00163994208874967,0.0013421685368633,190.099667297873,NaN,NaN,0,4.25075778578137,0.005,0.286913533283715,0.292895092994022
paired_ttest,two_sided,dist_RDM_avg,area,"OFC,ACC","model_config,fit_phase","6,irrational",2000,2000,1999,0.65412133125134,0.604330457032634,0.00163994208874967,0.00168932536107689,121.312199786133,NaN,NaN,0,2.71262325221829,0.005,0.0489859473947118,0.0505958010426994
paired_ttest,two_sided,dist_RDM_avg,area,"dlPFC,ACC","model_config,fit_phase","6,irrational",2000,2000,1999,0.364217018112472,0.604330457032634,0.0013421685368633,0.00168932536107689,-172.53661014943,NaN,NaN,0,-3.85803588901505,0.005,-0.24284270786391,-0.237384169976415
paired_ttest,two_sided,dist_CCM_avg,area,"OFC,dlPFC","model_config,fit_phase","6,irrational",2000,2000,1999,2.80575101053181,3.0770255020424,0.0153774434434686,0.0138634940939398,-58.8248607990664,NaN,NaN,0,-1.31536387513675,0.005,-0.280318462835906,-0.262230520185288
paired_ttest,two_sided,dist_CCM_avg,area,"OFC,ACC","model_config,fit_phase","6,irrational",2000,2000,1999,2.80575101053181,3.11182308769449,0.0153774434434686,0.0182091165313325,-14.5052316155003,NaN,NaN,2.08874972668184e-45,-0.324346839216377,0.005,-0.347453952662056,-0.264690201663316
paired_ttest,two_sided,dist_CCM_avg,area,"dlPFC,ACC","model_config,fit_phase","6,irrational",2000,2000,1999,3.0770255020424,3.11182308769449,0.0138634940939398,0.0182091165313325,-1.89615969837161,NaN,NaN,0.0580830048664907,-0.0423994198175441,0.005,-0.0707878741170884,0.0011927028129108
paired_ttest,two_sided,dist_RDM_avg_OFC,fit_phase,"initial,rational","model_config","7",1000,1000,999,0.432806066638863,0.260205546717606,0.00348765766978392,0.000830971161038295,48.0155207057772,NaN,NaN,9.33918624888558e-262,1.51838408469231,0.005,0.165546526723306,0.179654513119209
paired_ttest,two_sided,dist_CCM_avg_OFC,fit_phase,"initial,rational","model_config","7",1000,1000,999,3.03998318012659,3.05647072501944,0.0244656734810971,0.0193404020942639,-0.510909362142966,NaN,NaN,0.609527409592355,-0.0161563726227558,0.005,-0.0798142234251045,0.0468391336393965
paired_ttest,two_sided,dist_CCM_avg_OFC,fit_phase,"rational,irrational","model_config","7",2000,2000,1999,3.05647072501944,2.45206742075583,0.013672308401138,0.00963304799304921,35.8286305081044,NaN,NaN,1.3981579883631e-217,0.801152533568443,0.005,0.571320086130442,0.637486522396782
paired_ttest,two_sided,dist_CCM_same_OFC,fit_phase,"rational,irrational","model_config","7",2000,2000,1999,3.05647072501944,2.47555960444744,0.013672308401138,0.010616229160394,33.3864629743381,NaN,NaN,1.29587139655405e-194,0.746544007388997,0.005,0.546787869181811,0.615034371962194
paired_ttest,two_sided,dist_CCM_other_OFC,fit_phase,"rational,irrational","model_config","7",2000,2000,1999,3.05647072501944,2.42857523706422,0.013672308401138,0.00990365745520548,36.7703232249387,NaN,NaN,1.55402786090949e-226,0.822209422856021,0.005,0.594406575704189,0.661384400206254
paired_ttest,two_sided,dist_RDM_avg,area,"OFC,dlPFC","model_config,fit_phase","7,irrational",2000,2000,1999,0.260205546717606,0.52410131514971,0.000587438354734975,0.000353781063434304,-833.354206961681,NaN,NaN,0,-18.6343665610175,0.005,-0.264516800349521,-0.263274736514686
paired_ttest,two_sided,dist_RDM_avg,area,"OFC,ACC","model_config,fit_phase","7,irrational",2000,2000,1999,0.260205546717606,0.210488127710158,0.000587438354734975,0.000678568872427887,58.2501221873963,NaN,NaN,0,1.30251232908687,0.005,0.0480435446320435,0.0513912933828528
paired_ttest,two_sided,dist_RDM_avg,area,"dlPFC,ACC","model_config,fit_phase","7,irrational",2000,2000,1999,0.52410131514971,0.210488127710158,0.000353781063434304,0.000678568872427887,504.598588716012,NaN,NaN,0,11.2831674571946,0.005,0.312394311759585,0.314832063119518
paired_ttest,two_sided,dist_CCM_avg,area,"OFC,dlPFC","model_config,fit_phase","7,irrational",2000,2000,1999,2.45206742075583,2.65738883473941,0.00963304799304921,0.00812284973000945,-51.1139566962674,NaN,NaN,0,-1.14294281771834,0.005,-0.213199230702367,-0.197443597264789
paired_ttest,two_sided,dist_CCM_avg,area,"OFC,ACC","model_config,fit_phase","7,irrational",2000,2000,1999,2.45206742075583,2.95258966025574,0.00963304799304921,0.0119590949233084,-38.4760131953894,NaN,NaN,7.32962625051918e-243,-0.860349810080696,0.005,-0.526034235658073,-0.475010243341748
paired_ttest,two_sided,dist_CCM_avg,area,"dlPFC,ACC","model_config,fit_phase","7,irrational",2000,2000,1999,2.65738883473941,2.95258966025574,0.00812284973000945,0.0119590949233084,-27.0552338603487,NaN,NaN,1.25291526980915e-137,-0.604973420588937,0.005,-0.316599033389351,-0.273802617643313
paired_ttest,two_sided,dist_RDM_avg_OFC,fit_phase,"initial,rational","model_config","8",1000,1000,999,0.432806066638863,0.266786112432938,0.00348765766978392,0.000801629742922931,46.4018576808581,NaN,NaN,1.63927861793113e-251,1.4673555793449,0.005,0.158998945655913,0.173040962755937
paired_ttest,two_sided,dist_CCM_avg_OFC,fit_phase,"initial,rational","model_config","8",1000,1000,999,3.03998318012659,3.19208996217386,0.0244656734810971,0.0197549425060082,-4.75571565588958,NaN,NaN,2.26805873941817e-06,-0.150388933767326,0.005,-0.214870299996728,-0.0893432640978158
paired_ttest,two_sided,dist_CCM_avg_OFC,fit_phase,"rational,irrational","model_config","8",2000,2000,1999,3.19208996217386,2.54811750138083,0.0139653594104437,0.0106846284749911,36.1957456561341,NaN,NaN,4.5761609217532e-221,0.809361477834086,0.005,0.609080860049872,0.678864061536203
paired_ttest,two_sided,dist_CCM_same_OFC,fit_phase,"rational,irrational","model_config","8",2000,2000,1999,3.19208996217386,2.57168375074258,0.0139653594104437,0.0119364092432181,33.2515073437653,NaN,NaN,2.3401783707609e-193,0.743526307749927,0.005,0.583815072567941,0.656997350294622
paired_ttest,two_sided,dist_CCM_other_OFC,fit_phase,"rational,irrational","model_config","8",2000,2000,1999,3.19208996217386,2.52455125201907,0.0139653594104437,0.0105859280581923,37.8427041654229,NaN,NaN,8.73777432627966e-237,0.846188589663001,0.005,0.632944340690176,0.702133079619413
paired_ttest,two_sided,dist_RDM_avg,area,"OFC,dlPFC","model_config,fit_phase","8,irrational",2000,2000,1999,0.266786112432937,0.525154376281134,0.000566696029138809,0.000386143374206423,-970.594967210715,NaN,NaN,0,-21.7031632530234,0.005,-0.25889031403874,-0.257846213657653
paired_ttest,two_sided,dist_RDM_avg,area,"OFC,ACC","model_config,fit_phase","8,irrational",2000,2000,1999,0.266786112432937,0.207375348096945,0.000566696029138809,0.000677783437480324,82.8668094083,NaN,NaN,0,1.85295818915478,0.005,0.0580047308989273,0.060816797773057
paired_ttest,two_sided,dist_RDM_avg,area,"dlPFC,ACC","model_config,fit_phase","8,irrational",2000,2000,1999,0.525154376281134,0.207375348096945,0.000386143374206423,0.000677783437480324,579.692369275539,NaN,NaN,0,12.9623154373802,0.005,0.316703953152232,0.318854103216145
paired_ttest,two_sided,dist_CCM_avg,area,"OFC,dlPFC","model_config,fit_phase","8,irrational",2000,2000,1999,2.54811750138083,2.70740337998262,0.0106846284749911,0.00870522075866149,-38.4745571686242,NaN,NaN,7.56953891384453e-243,-0.860317252332455,0.005,-0.167405107256309,-0.151166649947291
paired_ttest,two_sided,dist_CCM_avg,area,"OFC,ACC","model_config,fit_phase","8,irrational",2000,2000,1999,2.54811750138083,2.83980464468395,0.0106846284749911,0.0106449418781015,-22.7804941332486,NaN,NaN,2.56601850736215e-102,-0.509387334429791,0.005,-0.316798216486548,-0.266576070119713
paired_ttest,two_sided,dist_CCM_avg,area,"dlPFC,ACC","model_config,fit_phase","8,irrational",2000,2000,1999,2.70740337998262,2.83980464468395,0.00870522075866149,0.0106449418781015,-12.5156481335062,NaN,NaN,1.17689507218305e-34,-0.279858400089883,0.005,-0.1531480071418,-0.111654522260862
paired_ttest,two_sided,dist_RDM_avg_OFC,fit_phase,"initial,rational","model_config","9",1000,1000,999,0.432806066638863,0.271402986847676,0.00348765766978392,0.00116127374391229,43.8110076091213,NaN,NaN,8.62207730932854e-235,1.38542570631791,0.005,0.154173664794511,0.168632494787863
paired_ttest,two_sided,dist_CCM_avg_OFC,fit_phase,"initial,rational","model_config","9",1000,1000,999,3.03998318012659,2.75471550948394,0.0244656734810971,0.0161935822238431,9.51995465749386,NaN,NaN,1.25765853620945e-20,0.301047399392088,0.005,0.226465649229417,0.344069692055894
paired_ttest,two_sided,dist_CCM_avg_OFC,fit_phase,"rational,irrational","model_config","9",2000,2000,1999,2.75471550948394,2.49718617571632,0.0114477273639121,0.0100227458611251,17.0445002091543,NaN,NaN,6.26692762023024e-61,0.381126611101784,0.005,0.227897839006465,0.28716082852876
paired_ttest,two_sided,dist_CCM_same_OFC,fit_phase,"rational,irrational","model_config","9",2000,2000,1999,2.75471550948394,2.49220045932523,0.0114477273639121,0.0106651600117157,17.0488400139836,NaN,NaN,5.87364684228332e-61,0.381223652087858,0.005,0.232317584347969,0.292712515969429
paired_ttest,two_sided,dist_CCM_other_OFC,fit_phase,"rational,irrational","model_config","9",2000,2000,1999,2.75471550948394,2.50217189210741,0.0114477273639121,0.0107507081938372,16.0398551618972,NaN,NaN,1.47224924352447e-54,0.358662064912531,0.005,0.221665765371383,0.283421469381668
paired_ttest,two_sided,dist_RDM_avg,area,"OFC,dlPFC","model_config,fit_phase","9,irrational",2000,2000,1999,0.271402986847676,0.531122010317381,0.000820939124612198,0.000539086961015144,-697.209304831012,NaN,NaN,0,-15.5900740014752,0.005,-0.260449576444535,-0.258988470494876
paired_ttest,two_sided,dist_RDM_avg,area,"OFC,ACC","model_config,fit_phase","9,irrational",2000,2000,1999,0.271402986847676,0.222250994871252,0.000820939124612198,0.00094336076460581,57.6156636479475,NaN,NaN,0,1.28832540485574,0.005,0.0474789313403825,0.0508250526124651
paired_ttest,two_sided,dist_RDM_avg,area,"dlPFC,ACC","model_config,fit_phase","9,irrational",2000,2000,1999,0.531122010317381,0.222250994871252,0.000539086961015144,0.00094336076460581,458.112122130901,NaN,NaN,0,10.2436984640138,0.005,0.307548756546334,0.310193274345924
paired_ttest,two_sided,dist_CCM_avg,area,"OFC,dlPFC","model_config,fit_phase","9,irrational",2000,2000,1999,2.49718617571632,2.67017580915862,0.0100227458611251,0.00873329828611989,-38.328474605428,NaN,NaN,1.91442304058688e-241,-0.857050746916115,0.005,-0.181840986614912,-0.164138280269687
paired_ttest,two_sided,dist_CCM_avg,area,"OFC,ACC","model_config,fit_phase","9,irrational",2000,2000,1999,2.49718617571632,3.02921587789643,0.0100227458611251,0.0134306989070755,-39.706712374255,NaN,NaN,1.0383816516836e-254,-0.887869080318663,0.005,-0.558307143539868,-0.505752260820343
paired_ttest,two_sided,dist_CCM_avg,area,"dlPFC,ACC","model_config,fit_phase","9,irrational",2000,2000,1999,2.67017580915862,3.02921587789643,0.00873329828611989,0.0134306989070755,-31.1401726635241,NaN,NaN,6.68098530473469e-174,-0.696315429067205,0.005,-0.381651759055376,-0.336428378420235
paired_ttest,two_sided,dist_RDM_avg_OFC,fit_phase,"initial,rational","model_config","10",1000,1000,999,0.432806066638863,0.262348636156933,0.00348765766978392,0.00121698365783561,48.0944424821207,NaN,NaN,2.9697561327394e-262,1.52087981039463,0.005,0.163502454689929,0.177412406273931
paired_ttest,two_sided,dist_CCM_avg_OFC,fit_phase,"initial,rational","model_config","10",1000,1000,999,3.03998318012659,2.91465701157609,0.0244656734810971,0.0174520387021998,4.57286729465755,NaN,NaN,5.41404757243349e-06,0.144606760888102,0.005,0.0715453083451426,0.17910702875586
paired_ttest,two_sided,dist_CCM_avg_OFC,fit_phase,"rational,irrational","model_config","10",2000,2000,1999,2.91465701157609,2.4749349520478,0.0123373678686774,0.00974502795991786,28.5405093542268,NaN,NaN,1.41529024207951e-150,0.638185190285197,0.005,0.409506707348648,0.469937411707924
paired_ttest,two_sided,dist_CCM_same_OFC,fit_phase,"rational,irrational","model_config","10",2000,2000,1999,2.91465701157609,2.47206667741369,0.0123373678686774,0.0103112112037486,28.163397378025,NaN,NaN,2.92847697369119e-147,0.629752710146032,0.005,0.411770662418055,0.47341000590675
paired_ttest,two_sided,dist_CCM_other_OFC,fit_phase,"rational,irrational","model_config","10",2000,2000,1999,2.91465701157609,2.47780322668192,0.0123373678686774,0.0106688899053938,27.1973816058863,NaN,NaN,7.45115545744491e-139,0.608151940807643,0.005,0.405353089971881,0.468354479816458
paired_ttest,two_sided,dist_RDM_avg,area,"OFC,dlPFC","model_config,fit_phase","10,irrational",2000,2000,1999,0.262348636156933,0.525917044864306,0.000860322128153079,0.000591926344890452,-763.989038081955,NaN,NaN,0,-17.0833142321593,0.005,-0.264244985900609,-0.262891831514137
paired_ttest,two_sided,dist_RDM_avg,area,"OFC,ACC","model_config,fit_phase","10,irrational",2000,2000,1999,0.262348636156933,0.215756702459186,0.000860322128153079,0.00104605912655787,55.9399743432277,NaN,NaN,0,1.25085585291051,0.005,0.0449585071899117,0.0482253602055813
paired_ttest,two_sided,dist_RDM_avg,area,"dlPFC,ACC","model_config,fit_phase","10,irrational",2000,2000,1999,0.525917044864306,0.215756702459186,0.000591926344890452,0.00104605912655787,450.817739175298,NaN,NaN,0,10.0805911025874,0.005,0.308811080068857,0.311509604741382
paired_ttest,two_sided,dist_CCM_avg,area,"OFC,dlPFC","model_config,fit_phase","10,irrational",2000,2000,1999,2.4749349520478,2.67040178337592,0.00974502795991786,0.00815677555998462,-43.6468803546044,NaN,NaN,7.07639970122536e-293,-0.975973914786955,0.005,-0.204249590845892,-0.186684071810351
paired_ttest,two_sided,dist_CCM_avg,area,"OFC,ACC","model_config,fit_phase","10,irrational",2000,2000,1999,2.4749349520478,3.02762883506646,0.00974502795991786,0.0130880421334641,-39.0135542974118,NaN,NaN,4.9651546738747e-248,-0.872369594528918,0.005,-0.580476955161707,-0.524910810875615
paired_ttest,two_sided,dist_CCM_avg,area,"dlPFC,ACC","model_config,fit_phase","10,irrational",2000,2000,1999,2.67040178337592,3.02762883506646,0.00815677555998462,0.0130880421334641,-29.2331260968328,NaN,NaN,1.03153224383268e-156,-0.653672571473411,0.005,-0.381192204696264,-0.333261898684815
